timestamp,temp,hum,state
2026-04-28 11:33:52,25.43,49.4,RUNNING
2026-04-28 11:33:53,22.3,56.57,RUNNING
2026-04-28 11:33:54,27.29,51.25,RUNNING
2026-04-28 11:33:55,21.92,43.91,RUNNING
2026-04-28 11:33:56,27.82,57.38,RUNNING
2026-04-28 11:33:57,22.8,44.7,RUNNING
2026-04-28 11:33:58,21.46,48.56,RUNNING
2026-04-28 11:33:59,21.84,49.77,RUNNING
2026-04-28 11:34:00,21.46,44.0,RUNNING
2026-04-28 11:34:01,21.4,52.21,RUNNING
2026-04-28 11:34:02,25.76,44.05,RUNNING
2026-04-28 11:34:03,21.19,59.47,RUNNING
2026-04-28 11:34:04,21.68,51.07,RUNNING
2026-04-28 11:34:05,29.97,59.94,RUNNING
2026-04-28 11:34:06,25.31,47.94,RUNNING
2026-04-28 11:34:07,27.76,52.78,RUNNING
2026-04-28 11:34:08,23.03,45.57,RUNNING
2026-04-28 11:34:09,28.69,55.05,RUNNING
2026-04-28 11:34:10,26.84,44.89,RUNNING
2026-04-28 11:34:11,25.78,40.43,RUNNING
2026-04-28 11:34:12,29.03,51.63,RUNNING
2026-04-28 11:34:13,26.87,53.54,RUNNING
2026-04-28 11:34:14,27.11,40.48,RUNNING
2026-04-28 11:34:15,25.75,49.18,RUNNING
2026-04-28 11:34:16,20.39,46.02,RUNNING
2026-04-28 11:34:17,24.15,53.88,RUNNING
2026-04-28 11:34:18,26.59,43.27,RUNNING
2026-04-28 11:34:19,22.74,50.28,RUNNING
2026-04-28 11:34:20,29.43,43.73,RUNNING
2026-04-28 11:34:21,23.54,44.14,RUNNING
2026-04-28 11:34:22,25.31,56.41,RUNNING
2026-04-28 11:34:23,26.55,56.39,RUNNING
2026-04-28 11:34:24,21.67,56.61,RUNNING
2026-04-28 11:34:25,25.54,53.47,RUNNING
2026-04-28 11:34:26,25.28,50.72,RUNNING
2026-04-28 11:34:27,24.35,46.59,RUNNING
2026-04-28 11:34:28,25.08,40.9,RUNNING
2026-04-28 11:34:29,26.85,54.06,RUNNING
2026-04-28 11:34:30,22.16,40.13,RUNNING
2026-04-28 11:34:31,27.32,59.72,RUNNING
2026-04-28 11:34:32,27.22,42.6,RUNNING
2026-04-28 11:34:33,26.39,45.67,RUNNING
2026-04-28 11:34:34,22.25,48.99,RUNNING
2026-04-28 11:34:35,20.16,54.18,RUNNING
2026-04-28 11:34:36,27.8,42.78,RUNNING
2026-04-28 11:34:37,22.04,56.27,RUNNING
2026-04-28 11:34:38,28.42,45.15,RUNNING
2026-04-28 11:34:39,26.03,52.28,RUNNING
2026-04-28 11:34:40,26.54,54.51,RUNNING
2026-04-28 11:34:41,28.35,56.32,RUNNING
2026-04-28 11:34:42,29.67,54.25,RUNNING
2026-04-28 11:34:43,27.67,49.0,RUNNING
2026-04-28 11:34:44,24.2,58.37,RUNNING
2026-04-28 11:34:45,29.12,50.54,RUNNING
2026-04-28 11:34:46,27.39,41.33,RUNNING
2026-04-28 11:34:47,28.77,57.43,RUNNING
2026-04-28 11:34:48,22.11,55.23,RUNNING
2026-04-28 11:34:49,20.69,58.48,RUNNING
2026-04-28 11:34:50,20.42,51.26,RUNNING
2026-04-28 11:34:51,21.61,57.47,RUNNING
2026-04-28 11:34:52,22.83,43.86,RUNNING
2026-04-28 11:34:53,23.02,40.47,RUNNING
2026-04-28 11:34:54,27.73,53.35,RUNNING
2026-04-28 11:34:55,26.37,54.12,RUNNING
2026-04-28 11:34:56,25.53,44.48,RUNNING
2026-04-28 11:34:57,26.43,41.12,RUNNING
2026-04-28 11:34:58,22.19,49.54,RUNNING
2026-04-28 11:34:59,29.29,59.83,RUNNING
2026-04-28 11:35:00,25.54,57.86,RUNNING
2026-04-28 11:35:01,21.45,45.11,RUNNING
2026-04-28 11:35:02,24.17,40.07,RUNNING
2026-04-28 11:35:03,27.68,41.7,RUNNING
2026-04-28 11:35:04,29.31,46.98,RUNNING
2026-04-28 11:35:05,29.67,42.79,RUNNING
2026-04-28 11:35:06,20.97,46.28,RUNNING
2026-04-28 11:35:07,29.4,49.03,RUNNING
2026-04-28 11:35:08,28.26,44.23,RUNNING
2026-04-28 11:35:09,20.24,47.39,RUNNING
2026-04-28 11:35:10,29.75,50.79,RUNNING
2026-04-28 11:35:11,20.21,49.71,RUNNING
2026-04-28 11:35:12,27.51,57.63,RUNNING
2026-04-28 11:35:13,27.48,56.42,RUNNING
2026-04-28 11:35:14,29.74,50.28,RUNNING
2026-04-28 11:35:15,24.56,53.41,RUNNING
2026-04-28 11:35:16,24.89,53.35,RUNNING
2026-04-28 11:35:17,22.36,44.89,RUNNING
2026-04-28 11:35:18,29.03,45.47,RUNNING
2026-04-28 11:35:19,28.25,56.7,RUNNING
2026-04-28 11:35:20,23.46,57.58,RUNNING
2026-04-28 11:35:21,21.24,53.75,RUNNING
2026-04-28 11:35:22,26.62,57.23,RUNNING
2026-04-28 11:35:23,25.45,40.18,RUNNING
2026-04-28 11:35:24,28.44,59.48,RUNNING
2026-04-28 11:35:25,29.95,42.89,RUNNING
2026-04-28 11:35:26,20.81,47.07,RUNNING
2026-04-28 11:35:27,22.99,52.12,RUNNING
2026-04-28 11:35:28,27.44,58.89,RUNNING
2026-04-28 11:35:29,23.65,43.72,RUNNING
2026-04-28 11:35:30,25.28,40.83,RUNNING
2026-04-28 11:35:31,29.18,40.58,RUNNING
2026-04-28 11:35:32,22.22,54.01,RUNNING
2026-04-28 11:35:33,22.51,51.54,RUNNING
2026-04-28 11:35:34,27.4,58.29,RUNNING
2026-04-28 11:35:35,21.37,49.07,RUNNING
2026-04-28 11:35:37,25.81,54.87,RUNNING
2026-04-28 11:35:38,26.31,58.53,RUNNING
2026-04-28 11:35:39,24.44,56.63,RUNNING
2026-04-28 11:35:40,25.37,59.55,RUNNING
2026-04-28 11:35:41,28.31,48.11,RUNNING
2026-04-28 11:35:42,26.89,44.53,RUNNING
2026-04-28 11:35:43,24.23,55.07,RUNNING
2026-04-28 11:35:44,25.77,48.35,RUNNING
2026-04-28 11:35:45,25.44,56.19,RUNNING
2026-04-28 11:35:46,27.22,41.25,RUNNING
2026-04-28 11:35:47,21.48,55.99,RUNNING
2026-04-28 11:35:48,23.01,44.99,RUNNING
2026-04-28 11:35:49,25.69,50.48,RUNNING
2026-04-28 11:35:50,26.09,49.64,RUNNING
2026-04-28 11:35:51,27.53,56.95,RUNNING
2026-04-28 11:35:52,28.97,49.27,RUNNING
2026-04-28 11:35:53,27.81,50.71,RUNNING
2026-04-28 11:35:54,22.32,43.14,RUNNING
2026-04-28 11:35:55,22.74,43.39,RUNNING
2026-04-28 11:35:56,24.31,56.31,RUNNING
2026-04-28 11:35:57,22.1,41.67,RUNNING
2026-04-28 11:35:58,28.97,49.11,RUNNING
2026-04-28 11:35:59,24.34,45.18,RUNNING
2026-04-28 11:36:00,22.23,47.67,RUNNING
2026-04-28 11:36:01,27.34,47.08,RUNNING
2026-04-28 11:36:02,26.78,42.32,RUNNING
2026-04-28 11:36:03,25.05,52.49,RUNNING
2026-04-28 11:36:04,27.26,43.88,RUNNING
2026-04-28 11:36:05,28.24,44.44,RUNNING
2026-04-28 11:36:06,25.91,40.67,RUNNING
2026-04-28 11:36:07,24.84,53.14,RUNNING
2026-04-28 11:36:08,20.24,56.81,RUNNING
2026-04-28 11:36:09,25.67,47.09,RUNNING
2026-04-28 11:36:10,29.43,50.13,RUNNING
2026-04-28 11:36:11,26.31,56.07,RUNNING
2026-04-28 11:36:12,22.74,42.82,RUNNING
2026-04-28 11:36:13,25.46,50.63,RUNNING
2026-04-28 11:36:14,23.86,48.1,RUNNING
2026-04-28 11:36:15,24.4,54.07,RUNNING
2026-04-28 11:36:16,20.36,47.14,RUNNING
2026-04-28 11:36:17,22.78,47.84,RUNNING
2026-04-28 11:36:18,27.13,40.76,RUNNING
2026-04-28 11:36:19,26.4,46.88,RUNNING
2026-04-28 11:36:20,21.08,50.81,RUNNING
2026-04-28 11:36:21,27.05,56.92,RUNNING
2026-04-28 11:36:22,24.56,44.12,RUNNING
2026-04-28 11:36:23,21.49,47.26,RUNNING
2026-04-28 11:36:24,29.03,54.73,RUNNING
2026-04-28 11:36:25,25.15,57.78,RUNNING
2026-04-28 11:36:26,25.19,51.32,RUNNING
2026-04-28 11:36:27,21.78,40.45,RUNNING
2026-04-28 11:36:28,20.85,54.8,RUNNING
2026-04-28 11:36:29,24.25,42.35,RUNNING
2026-04-28 11:36:30,25.56,53.47,RUNNING
2026-04-28 11:36:31,26.02,46.49,RUNNING
2026-04-28 11:36:32,29.35,52.64,RUNNING
2026-04-28 11:36:33,28.4,52.21,RUNNING
2026-04-28 11:36:34,23.04,53.29,RUNNING
2026-04-28 11:36:35,28.14,52.9,RUNNING
2026-04-28 11:36:36,23.8,42.8,RUNNING
2026-04-28 11:36:37,23.7,40.08,RUNNING
2026-04-28 11:36:38,20.04,59.51,RUNNING
2026-04-28 11:36:39,23.77,52.72,RUNNING
2026-04-28 11:36:40,27.3,41.15,RUNNING
2026-04-28 11:36:41,25.38,51.47,RUNNING
2026-04-28 11:36:42,23.71,55.5,RUNNING
2026-04-28 11:36:43,27.08,40.58,RUNNING
2026-04-28 11:36:44,22.74,44.85,RUNNING
2026-04-28 11:36:45,25.39,54.42,RUNNING
2026-04-28 11:36:46,28.04,58.05,RUNNING
2026-04-28 11:36:47,27.72,51.08,RUNNING
2026-04-28 11:36:48,24.58,53.51,RUNNING
2026-04-28 11:36:49,20.09,43.68,RUNNING
2026-04-28 11:36:50,25.41,41.73,RUNNING
2026-04-28 11:36:51,27.62,51.01,RUNNING
2026-04-28 11:36:52,26.94,44.23,RUNNING
2026-04-28 11:36:53,25.41,59.82,RUNNING
2026-04-28 11:36:54,26.19,57.22,RUNNING
2026-04-28 11:36:55,22.9,54.52,RUNNING
2026-04-28 11:36:56,21.79,54.58,RUNNING
2026-04-28 11:36:57,27.61,49.1,RUNNING
2026-04-28 11:36:58,22.26,50.24,RUNNING
2026-04-28 11:36:59,26.61,52.51,RUNNING
2026-04-28 11:37:00,24.07,43.72,RUNNING
2026-04-28 11:37:01,25.55,42.77,RUNNING
2026-04-28 11:37:02,22.24,57.27,RUNNING
2026-04-28 11:37:03,21.24,40.27,RUNNING
2026-04-28 11:37:04,29.05,42.76,RUNNING
2026-04-28 11:37:05,27.32,46.93,RUNNING
2026-04-28 11:37:06,27.57,44.2,RUNNING
2026-04-28 11:37:07,20.8,52.59,RUNNING
2026-04-28 11:37:08,25.75,51.97,RUNNING
2026-04-28 11:37:09,27.54,49.38,RUNNING
2026-04-28 11:37:10,24.67,49.98,RUNNING
2026-04-28 11:37:11,25.49,51.6,RUNNING
2026-04-28 11:37:12,22.76,52.38,RUNNING
2026-04-28 11:37:13,25.15,59.1,RUNNING
2026-04-28 11:37:14,26.72,41.46,RUNNING
2026-04-28 11:37:15,22.48,40.74,RUNNING
2026-04-28 11:37:16,29.93,49.11,RUNNING
2026-04-28 11:37:17,21.39,47.66,RUNNING
2026-04-28 11:37:18,25.42,51.43,RUNNING
2026-04-28 11:37:19,25.25,56.25,RUNNING
2026-04-28 11:37:20,28.89,59.26,RUNNING
2026-04-28 11:37:21,27.77,47.87,RUNNING
2026-04-28 11:37:22,25.72,46.72,RUNNING
2026-04-28 11:37:23,29.02,44.31,RUNNING
2026-04-28 11:37:24,24.81,55.63,RUNNING
2026-04-28 11:37:25,21.88,45.13,RUNNING
2026-04-28 11:37:26,22.0,51.01,RUNNING
2026-04-28 11:37:27,28.49,51.69,RUNNING
2026-04-28 11:37:28,26.59,52.01,RUNNING
2026-04-28 11:37:29,27.1,57.87,RUNNING
2026-04-28 11:37:30,26.65,40.54,RUNNING
2026-04-28 11:37:31,26.74,47.84,RUNNING
2026-04-28 11:37:32,23.89,51.49,RUNNING
2026-04-28 11:37:33,22.58,49.6,RUNNING
2026-04-28 11:37:35,23.98,42.48,RUNNING
2026-04-28 11:37:36,25.1,45.21,RUNNING
2026-04-28 11:37:37,21.34,40.08,RUNNING
2026-04-28 11:37:38,25.96,43.13,RUNNING
2026-04-28 11:37:39,22.44,41.99,RUNNING
2026-04-28 11:37:40,24.85,57.7,RUNNING
2026-04-28 11:37:41,26.26,52.03,RUNNING
2026-04-28 11:37:42,23.65,49.71,RUNNING
2026-04-28 11:37:43,22.31,44.16,RUNNING
2026-04-28 11:37:44,28.01,52.54,RUNNING
2026-04-28 11:37:45,24.25,47.73,RUNNING
2026-04-28 11:37:46,28.67,40.5,RUNNING
2026-04-28 11:37:47,25.85,52.55,RUNNING
2026-04-28 11:37:48,21.51,46.28,RUNNING
2026-04-28 11:37:49,23.11,52.35,RUNNING
2026-04-28 11:37:50,29.02,59.76,RUNNING
2026-04-28 11:37:51,21.81,42.63,RUNNING
2026-04-28 11:37:52,22.05,56.34,RUNNING
2026-04-28 11:37:53,24.35,41.31,RUNNING
2026-04-28 11:37:54,28.5,58.33,RUNNING
2026-04-28 11:37:55,27.76,53.94,RUNNING
2026-04-28 11:37:56,20.68,53.38,RUNNING
2026-04-28 11:37:57,28.56,52.11,RUNNING
2026-04-28 11:37:58,20.47,54.99,RUNNING
2026-04-28 11:37:59,20.11,53.11,RUNNING
2026-04-28 11:38:00,22.84,54.4,RUNNING
2026-04-28 11:38:01,22.08,46.41,RUNNING
2026-04-28 11:38:02,29.35,41.44,RUNNING
2026-04-28 11:38:03,22.58,50.49,RUNNING
2026-04-28 11:38:04,27.43,47.28,RUNNING
2026-04-28 11:38:05,21.22,57.73,RUNNING
2026-04-28 11:38:06,20.68,49.0,RUNNING
2026-04-28 11:38:07,29.85,43.13,RUNNING
2026-04-28 11:38:08,26.65,46.48,RUNNING
2026-04-28 11:38:09,24.86,53.94,RUNNING
2026-04-28 11:38:10,25.7,41.09,RUNNING
2026-04-28 11:38:11,22.34,41.58,RUNNING
2026-04-28 11:38:12,21.84,40.46,RUNNING
2026-04-28 11:38:13,20.78,43.67,RUNNING
2026-04-28 11:38:14,29.54,53.49,RUNNING
2026-04-28 11:38:15,26.52,51.3,RUNNING
2026-04-28 11:38:16,24.53,56.27,RUNNING
2026-04-28 11:38:17,28.56,51.61,RUNNING
2026-04-28 11:38:18,26.53,43.57,RUNNING
2026-04-28 11:38:19,26.96,40.47,RUNNING
2026-04-28 11:38:20,25.32,58.51,RUNNING
2026-04-28 11:38:21,24.33,48.92,RUNNING
2026-04-28 11:38:22,20.93,49.35,RUNNING
2026-04-28 11:38:23,27.08,52.03,RUNNING
2026-04-28 11:38:24,21.3,57.75,RUNNING
2026-04-28 11:38:25,26.03,54.85,RUNNING
2026-04-28 11:38:26,27.6,50.61,RUNNING
2026-04-28 11:38:27,29.93,50.72,RUNNING
2026-04-28 11:38:28,23.26,51.75,RUNNING
2026-04-28 11:38:29,26.23,48.69,RUNNING
2026-04-28 11:38:30,27.18,43.58,RUNNING
2026-04-28 11:38:31,25.84,49.41,RUNNING
2026-04-28 11:38:32,20.26,48.99,RUNNING
2026-04-28 11:38:33,20.17,59.81,RUNNING
2026-04-28 11:38:34,21.95,40.55,RUNNING
2026-04-28 11:38:35,22.25,40.28,RUNNING
2026-04-28 11:38:36,21.6,53.24,RUNNING
2026-04-28 11:38:37,28.14,44.44,RUNNING
2026-04-28 11:38:38,22.18,42.99,RUNNING
2026-04-28 11:38:39,21.84,56.69,RUNNING
2026-04-28 11:38:40,21.77,54.71,RUNNING
2026-04-28 11:38:41,21.29,48.05,RUNNING
2026-04-28 11:38:42,28.21,44.22,RUNNING
2026-04-28 11:38:43,25.98,46.69,RUNNING
2026-04-28 11:38:44,24.97,40.03,RUNNING
2026-04-28 11:38:45,28.1,51.98,RUNNING
2026-04-28 11:38:46,23.11,58.29,RUNNING
2026-04-28 11:38:47,22.28,56.13,RUNNING
2026-04-28 11:38:48,24.86,40.17,RUNNING
2026-04-28 11:38:49,23.94,54.77,RUNNING
2026-04-28 11:38:50,25.69,49.36,RUNNING
2026-04-28 11:38:51,26.35,47.8,RUNNING
2026-04-28 11:38:52,26.59,44.62,RUNNING
2026-04-28 11:38:53,28.04,56.04,RUNNING
2026-04-28 11:38:54,27.09,58.28,RUNNING
2026-04-28 11:38:55,25.28,59.66,RUNNING
2026-04-28 11:38:56,26.09,56.03,RUNNING
2026-04-28 11:38:57,26.94,44.47,RUNNING
2026-04-28 11:38:58,21.37,52.99,RUNNING
2026-04-28 11:38:59,28.63,41.91,RUNNING
2026-04-28 11:39:00,29.21,55.44,RUNNING
2026-04-28 11:39:01,28.23,58.47,RUNNING
2026-04-28 11:39:02,29.38,45.24,RUNNING
2026-04-28 11:39:03,27.81,49.13,RUNNING
2026-04-28 11:39:04,22.71,44.02,RUNNING
2026-04-28 11:39:05,23.99,58.75,RUNNING
2026-04-28 11:39:06,24.61,51.63,RUNNING
2026-04-28 11:39:07,24.72,41.06,RUNNING
2026-04-28 11:39:08,27.71,48.41,RUNNING
2026-04-28 11:39:09,24.52,55.07,RUNNING
2026-04-28 11:39:10,27.0,49.11,RUNNING
2026-04-28 11:39:11,28.36,41.76,RUNNING
2026-04-28 11:39:12,20.16,54.42,RUNNING
2026-04-28 11:39:13,29.76,42.83,RUNNING
2026-04-28 11:39:14,26.93,40.67,RUNNING
2026-04-28 11:39:15,27.12,48.2,RUNNING
2026-04-28 11:39:16,27.55,49.42,RUNNING
2026-04-28 11:39:50,21.14,53.82,RUNNING
2026-04-28 11:39:51,25.86,59.38,RUNNING
2026-04-28 11:39:52,23.22,46.22,RUNNING
2026-04-28 11:39:53,26.06,56.15,RUNNING
2026-04-28 11:39:54,29.19,42.06,RUNNING
2026-04-28 11:39:55,28.05,59.99,RUNNING
2026-04-28 11:39:56,28.39,51.25,RUNNING
2026-04-28 11:39:57,28.4,52.07,RUNNING
2026-04-28 11:39:58,20.91,54.32,RUNNING
2026-04-28 11:39:59,28.35,40.67,RUNNING
2026-04-28 11:40:00,25.84,58.57,RUNNING
2026-04-28 11:40:01,22.77,50.39,RUNNING
2026-04-28 11:40:02,24.01,42.65,RUNNING
2026-04-28 11:40:03,29.73,56.97,RUNNING
2026-04-28 11:40:04,21.5,43.97,RUNNING
2026-04-28 11:40:05,22.97,53.08,RUNNING
2026-04-28 11:40:06,29.1,55.61,RUNNING
2026-04-28 11:40:07,23.51,40.25,RUNNING
2026-04-28 11:40:08,22.3,51.68,RUNNING
2026-04-28 11:40:09,20.94,46.4,RUNNING
2026-04-28 11:40:10,25.01,58.4,RUNNING
2026-04-28 11:40:11,27.4,47.43,RUNNING
2026-04-28 11:40:12,24.98,41.7,RUNNING
2026-04-28 11:40:13,20.05,44.91,RUNNING
2026-04-28 11:40:14,25.56,47.87,RUNNING
2026-04-28 11:40:15,25.8,50.95,RUNNING
2026-04-28 11:40:16,28.14,51.37,RUNNING
2026-04-28 11:40:17,23.47,46.31,RUNNING
2026-04-28 11:40:18,24.57,59.12,RUNNING
2026-04-28 11:40:19,25.22,41.72,RUNNING
2026-04-28 11:40:20,22.68,55.92,RUNNING
2026-04-28 11:40:21,21.41,47.46,RUNNING
2026-04-28 11:40:22,23.86,57.17,RUNNING
2026-04-28 11:40:23,20.69,40.01,RUNNING
2026-04-28 11:40:24,22.64,56.09,RUNNING
2026-04-28 11:40:25,24.64,54.02,RUNNING
2026-04-28 11:40:26,21.86,52.13,RUNNING
2026-04-28 11:40:27,27.41,40.09,RUNNING
2026-04-28 11:40:28,25.74,48.72,RUNNING
2026-04-28 11:40:29,29.46,48.84,RUNNING
2026-04-28 11:40:30,25.35,55.65,RUNNING
2026-04-28 11:41:58,25.23,47.43,RUNNING
2026-04-28 11:41:59,22.06,58.96,RUNNING
2026-04-28 11:42:00,21.32,53.43,RUNNING
2026-04-28 11:42:01,26.0,52.18,RUNNING
2026-04-28 11:42:02,21.08,59.11,RUNNING
2026-04-28 11:42:03,21.85,40.71,RUNNING
2026-04-28 11:42:04,22.71,41.59,RUNNING
2026-04-28 11:42:05,21.28,54.15,RUNNING
2026-04-28 11:42:06,27.74,49.85,RUNNING
2026-04-28 11:42:07,28.99,50.21,RUNNING
2026-04-28 11:42:08,20.69,41.85,RUNNING
2026-04-28 11:42:09,26.72,59.68,RUNNING
2026-04-28 11:42:10,28.48,52.68,RUNNING
2026-04-28 11:42:11,23.92,49.65,RUNNING
2026-04-28 11:42:12,24.17,52.11,RUNNING
2026-04-28 11:42:13,29.82,51.1,RUNNING
2026-04-28 11:42:14,26.95,45.29,RUNNING
2026-04-28 11:42:15,29.85,47.24,RUNNING
2026-04-28 11:42:16,23.32,40.58,RUNNING
2026-04-28 11:42:17,20.34,44.02,RUNNING
2026-04-28 11:42:18,27.78,58.53,RUNNING
2026-04-28 11:42:19,25.0,41.18,RUNNING
2026-04-28 11:42:20,23.39,45.7,RUNNING
2026-04-28 11:42:21,26.23,51.12,RUNNING
2026-04-28 11:42:22,26.42,58.59,RUNNING
2026-04-28 11:42:23,24.71,51.06,RUNNING
2026-04-28 11:42:24,28.39,50.09,RUNNING
2026-04-28 11:42:25,22.89,57.44,RUNNING
2026-04-28 11:42:26,26.42,46.48,RUNNING
2026-04-28 11:42:27,28.5,58.06,RUNNING
2026-04-28 11:42:28,21.71,41.29,RUNNING
2026-04-28 11:42:29,23.64,42.54,RUNNING
2026-04-28 11:42:30,28.94,49.77,RUNNING
2026-04-28 11:42:31,29.7,57.56,RUNNING
2026-04-28 11:42:32,24.53,51.8,RUNNING
2026-04-28 11:42:33,27.19,42.15,RUNNING
2026-04-28 11:42:34,27.96,53.84,RUNNING
2026-04-28 11:42:35,21.91,51.62,RUNNING
2026-04-28 11:42:36,22.99,59.1,RUNNING
2026-04-28 11:42:37,22.85,49.44,RUNNING
2026-04-28 11:42:38,25.29,54.14,RUNNING
2026-04-28 11:42:39,21.43,55.7,RUNNING
2026-04-28 11:42:40,27.38,45.55,RUNNING
2026-04-28 11:42:41,24.47,57.65,RUNNING
2026-04-28 11:42:42,22.11,44.63,RUNNING
2026-04-28 11:42:43,20.29,57.58,RUNNING
2026-04-28 11:42:44,26.89,46.4,RUNNING
2026-04-28 11:42:45,27.92,49.38,RUNNING
2026-04-28 11:42:46,20.43,47.96,RUNNING
2026-04-28 11:42:47,20.38,58.8,RUNNING
2026-04-28 11:42:48,25.03,58.44,RUNNING
2026-04-28 11:42:49,20.28,42.81,RUNNING
2026-04-28 11:42:50,23.62,51.28,RUNNING
2026-04-28 11:42:51,24.44,58.69,RUNNING
2026-04-28 11:42:52,26.54,42.58,RUNNING
2026-04-28 11:42:53,25.96,46.59,RUNNING
2026-04-28 11:42:54,22.05,57.33,RUNNING
2026-04-28 11:42:55,22.12,59.17,RUNNING
2026-04-28 11:42:56,25.04,50.01,RUNNING
2026-04-28 11:42:57,23.21,58.61,RUNNING
2026-04-28 11:42:58,23.6,55.7,RUNNING
2026-04-28 11:42:59,23.02,56.67,RUNNING
2026-04-28 11:43:00,29.97,46.66,RUNNING
2026-04-28 11:43:01,28.94,49.19,RUNNING
2026-04-28 11:43:02,21.29,50.25,RUNNING
2026-04-28 11:43:03,29.73,51.84,RUNNING
2026-04-28 11:43:04,24.25,51.52,RUNNING
2026-04-28 11:43:05,23.31,59.48,RUNNING
2026-04-28 11:43:06,29.69,59.45,RUNNING
2026-04-28 11:43:07,21.66,54.57,RUNNING
2026-04-28 11:43:08,28.97,46.25,RUNNING
2026-04-28 11:43:09,23.24,58.12,RUNNING
2026-04-28 11:43:10,25.12,48.52,RUNNING
2026-04-28 11:43:11,21.32,58.14,RUNNING
2026-04-28 11:43:12,29.01,49.51,RUNNING
2026-04-28 11:43:13,26.71,57.99,RUNNING
2026-04-28 11:43:14,23.5,59.75,RUNNING
2026-04-28 11:43:15,21.4,48.42,RUNNING
2026-04-28 11:43:16,21.98,44.11,RUNNING
2026-04-28 11:43:17,26.78,42.56,RUNNING
2026-04-28 11:43:18,24.97,52.27,RUNNING
2026-04-28 11:43:19,29.4,43.22,RUNNING
2026-04-28 11:43:20,24.73,55.11,RUNNING
2026-04-28 11:43:21,21.57,54.41,RUNNING
2026-04-28 11:43:22,25.48,56.81,RUNNING
2026-04-28 11:43:23,27.46,53.96,RUNNING
2026-04-28 12:23:27,28.54,50.95,RUNNING
2026-04-28 12:23:28,28.27,49.5,RUNNING
2026-04-28 12:23:29,28.79,46.35,RUNNING
2026-04-28 12:23:30,28.06,58.45,RUNNING
2026-04-28 12:23:31,25.91,53.75,RUNNING
2026-04-28 12:23:32,25.78,58.58,RUNNING
2026-04-28 12:23:33,21.63,51.52,RUNNING
2026-04-28 12:23:34,27.15,48.04,RUNNING
2026-04-28 12:23:35,26.21,57.06,RUNNING
2026-04-28 12:23:36,21.56,52.2,RUNNING
2026-04-28 12:23:37,20.69,56.42,RUNNING
2026-04-28 12:23:38,28.54,49.38,RUNNING
2026-04-28 12:23:39,24.22,56.96,RUNNING
2026-04-28 12:23:40,26.29,44.63,RUNNING
2026-04-28 12:23:41,28.49,52.9,RUNNING
2026-04-28 12:23:42,20.09,59.93,RUNNING
2026-04-28 12:23:43,27.59,46.86,RUNNING
2026-04-28 12:23:44,24.1,56.78,RUNNING
2026-04-28 12:23:45,20.38,40.81,RUNNING
2026-04-28 12:23:46,29.9,58.75,RUNNING
2026-04-28 12:23:47,21.43,47.88,RUNNING
2026-04-28 12:23:48,21.56,44.78,RUNNING
2026-04-28 12:23:49,24.53,57.66,RUNNING
2026-04-28 12:23:50,27.0,50.75,RUNNING
2026-04-28 12:23:51,27.13,46.95,RUNNING
2026-04-28 12:23:52,28.15,50.64,RUNNING
2026-04-28 12:23:53,27.08,44.13,RUNNING
2026-04-28 12:23:54,27.35,47.04,RUNNING
2026-04-28 12:23:55,24.58,57.5,RUNNING
2026-04-28 12:23:56,24.1,52.79,RUNNING
2026-04-28 12:23:57,27.09,52.59,RUNNING
2026-04-28 12:23:58,29.59,47.97,RUNNING
2026-04-28 12:23:59,23.53,41.43,RUNNING
2026-04-28 12:24:00,24.06,56.93,RUNNING
2026-04-28 12:24:01,28.82,53.46,RUNNING
2026-04-28 12:24:02,28.36,57.85,RUNNING
2026-04-28 12:24:03,23.45,50.59,RUNNING
2026-04-28 12:24:04,29.62,50.68,RUNNING
2026-04-28 12:24:05,29.74,43.69,RUNNING
2026-04-28 12:24:06,25.23,50.46,RUNNING
2026-04-28 12:24:07,24.42,53.37,RUNNING
2026-04-28 12:24:08,28.54,48.1,RUNNING
2026-04-28 12:24:09,25.95,51.3,RUNNING
2026-04-28 12:24:10,28.56,44.92,RUNNING
2026-04-28 12:24:11,29.38,40.9,RUNNING
2026-04-28 12:24:12,27.36,50.25,RUNNING
2026-04-28 12:24:13,21.49,54.49,RUNNING
2026-04-28 12:24:14,28.92,58.53,RUNNING
2026-04-28 12:24:15,25.8,51.81,RUNNING
2026-04-28 12:24:16,29.73,53.53,RUNNING
2026-04-28 12:24:17,20.33,50.54,RUNNING
2026-04-28 12:24:18,23.7,46.11,RUNNING
2026-04-28 12:24:19,27.17,41.87,RUNNING
2026-04-28 12:24:20,25.16,47.25,RUNNING
2026-04-28 12:24:21,27.31,48.52,RUNNING
2026-04-28 12:24:22,25.36,53.87,RUNNING
2026-04-28 12:24:23,26.05,53.03,RUNNING
2026-04-28 12:24:24,29.09,58.92,RUNNING
2026-04-28 12:24:25,25.39,49.92,RUNNING
2026-04-28 12:24:26,23.72,53.9,RUNNING
2026-04-28 12:24:27,28.7,47.13,RUNNING
2026-04-28 12:24:28,25.75,58.25,RUNNING
2026-04-28 12:24:29,20.55,54.52,RUNNING
2026-04-28 12:24:30,26.2,41.16,RUNNING
2026-04-28 12:24:31,29.57,46.41,RUNNING
2026-04-28 12:24:32,22.35,52.76,RUNNING
2026-04-28 12:24:33,24.01,51.96,RUNNING
2026-04-28 12:24:34,29.46,57.71,RUNNING
2026-04-28 12:24:35,23.1,50.18,RUNNING
2026-04-28 12:24:36,24.0,53.39,RUNNING
2026-04-28 12:24:37,24.11,45.38,RUNNING
2026-04-28 12:24:38,26.93,53.64,RUNNING
2026-04-28 12:24:39,27.26,58.69,RUNNING
2026-04-28 12:24:40,28.46,41.28,RUNNING
2026-04-28 12:24:41,24.3,50.54,RUNNING
2026-04-28 12:24:42,21.36,51.95,RUNNING
2026-04-28 12:24:43,23.47,44.28,RUNNING
2026-04-28 12:24:44,29.6,52.09,RUNNING
2026-04-28 12:24:45,23.23,53.12,RUNNING
2026-04-28 12:24:46,25.5,59.18,RUNNING
2026-04-28 12:24:47,22.12,45.82,RUNNING
2026-04-28 12:24:48,29.37,47.36,RUNNING
2026-04-28 12:24:49,29.23,40.12,RUNNING
2026-04-28 12:24:50,29.36,42.84,RUNNING
2026-04-28 12:24:51,25.66,42.55,RUNNING
2026-04-28 12:24:52,28.03,58.06,RUNNING
2026-04-28 12:24:53,28.59,55.43,RUNNING
2026-04-28 12:24:54,27.94,50.42,RUNNING
2026-04-28 12:24:55,29.62,42.16,RUNNING
2026-04-28 12:24:56,20.41,53.46,RUNNING
2026-04-28 12:24:57,23.39,47.17,RUNNING
2026-04-28 12:24:58,27.21,43.34,RUNNING
2026-04-28 12:24:59,22.58,53.79,RUNNING
2026-04-28 12:25:00,24.85,50.16,RUNNING
2026-04-28 12:25:01,24.99,46.06,RUNNING
2026-04-28 12:25:02,27.0,50.21,RUNNING
2026-04-28 12:25:03,26.66,47.08,RUNNING
2026-04-28 12:25:04,29.0,57.69,RUNNING
2026-04-28 12:25:05,25.2,41.39,RUNNING
2026-04-28 12:25:06,28.41,47.77,RUNNING
2026-04-28 12:25:07,22.21,51.75,RUNNING
2026-04-28 12:25:08,25.41,47.31,RUNNING
2026-04-28 12:25:09,27.89,48.34,RUNNING
2026-04-28 12:25:10,28.19,52.5,RUNNING
2026-04-28 12:25:11,22.84,54.88,RUNNING
2026-04-28 12:25:12,21.82,40.18,RUNNING
2026-04-28 12:25:13,23.6,45.26,RUNNING
2026-04-28 12:25:14,26.91,52.51,RUNNING
2026-04-28 12:25:15,25.26,56.44,RUNNING
2026-04-28 12:25:16,27.75,43.54,RUNNING
2026-04-28 12:25:17,21.0,50.39,RUNNING
2026-04-28 12:25:18,28.45,53.88,RUNNING
2026-04-28 12:25:19,28.38,46.29,RUNNING
2026-04-28 12:25:20,24.74,51.1,RUNNING
2026-04-28 12:25:21,29.86,56.51,RUNNING
2026-04-28 12:25:22,24.48,50.17,RUNNING
2026-04-28 12:25:23,25.53,50.14,RUNNING
2026-04-28 12:25:24,23.43,41.15,RUNNING
2026-04-28 12:25:25,27.4,41.83,RUNNING
2026-04-28 12:25:26,27.57,42.72,RUNNING
2026-04-28 12:25:27,25.96,45.21,RUNNING
2026-04-28 12:25:28,27.14,52.33,RUNNING
2026-04-28 12:25:29,26.44,54.93,RUNNING
2026-04-28 12:25:30,21.04,42.27,RUNNING
2026-04-28 12:25:31,28.39,48.9,RUNNING
2026-04-28 12:25:32,29.33,55.35,RUNNING
2026-04-28 12:25:33,21.47,56.94,RUNNING
2026-04-28 12:25:34,23.02,45.57,RUNNING
2026-04-28 12:25:35,29.54,57.94,RUNNING
2026-04-28 12:25:36,24.56,46.98,RUNNING
2026-04-28 12:25:37,25.24,45.85,RUNNING
2026-04-28 12:25:38,25.58,43.79,RUNNING
2026-04-28 12:25:39,23.39,58.79,RUNNING
2026-04-28 12:25:40,22.81,46.46,RUNNING
2026-04-28 12:25:41,28.65,59.56,RUNNING
2026-04-28 12:25:42,26.45,52.52,RUNNING
2026-04-28 12:25:43,27.44,58.15,RUNNING
2026-04-28 12:25:44,22.6,40.58,RUNNING
2026-04-28 12:25:45,21.97,58.18,RUNNING
2026-04-28 12:25:46,26.99,51.6,RUNNING
2026-04-28 12:25:47,21.23,52.42,RUNNING
2026-04-28 12:25:48,23.28,40.3,RUNNING
2026-04-28 12:25:49,23.28,59.33,RUNNING
2026-04-28 12:25:50,25.42,46.05,RUNNING
2026-04-28 12:25:51,25.27,51.95,RUNNING
2026-04-28 12:25:52,26.22,46.8,RUNNING
2026-04-28 12:25:53,26.19,49.35,RUNNING
2026-04-28 12:25:54,26.93,50.67,RUNNING
2026-04-28 12:25:55,27.13,40.35,RUNNING
2026-04-28 12:25:56,28.3,48.96,RUNNING
2026-04-28 12:25:57,20.94,44.68,RUNNING
2026-04-28 12:25:58,24.36,47.04,RUNNING
2026-04-28 12:25:59,23.02,56.65,RUNNING
2026-04-28 12:26:00,25.53,49.33,RUNNING
2026-04-28 12:26:01,23.55,41.01,RUNNING
2026-04-28 12:26:02,21.98,41.96,RUNNING
2026-04-28 12:26:03,25.08,55.44,RUNNING
2026-04-28 12:26:04,20.6,40.07,RUNNING
2026-04-28 12:26:06,21.76,41.49,RUNNING
2026-04-28 12:26:07,23.79,41.65,RUNNING
2026-04-28 12:26:08,20.74,52.29,RUNNING
2026-04-28 12:26:09,24.54,57.84,RUNNING
2026-04-28 12:26:10,28.63,46.08,RUNNING
2026-04-28 12:26:11,25.07,48.32,RUNNING
2026-04-28 12:26:12,29.45,49.65,RUNNING
2026-04-28 12:26:13,21.34,52.96,RUNNING
2026-04-28 12:26:14,27.21,49.55,RUNNING
2026-04-28 12:26:15,25.05,56.25,RUNNING
2026-04-28 12:26:16,25.38,52.3,RUNNING
2026-04-28 12:26:17,22.65,40.92,RUNNING
2026-04-28 12:26:18,25.12,57.42,RUNNING
2026-04-28 12:26:19,23.92,41.33,RUNNING
2026-04-28 12:26:20,26.09,46.49,RUNNING
2026-04-28 12:26:21,24.17,50.9,RUNNING
2026-04-28 12:26:22,28.55,49.73,RUNNING
2026-04-28 12:26:23,24.26,49.88,RUNNING
2026-04-28 12:26:24,26.83,58.6,RUNNING
2026-04-28 12:26:25,28.54,44.11,RUNNING
2026-04-28 12:26:26,28.58,48.43,RUNNING
2026-04-28 12:26:27,22.17,43.47,RUNNING
2026-04-28 12:26:28,21.59,45.41,RUNNING
2026-04-28 12:26:29,26.05,50.53,RUNNING
2026-04-28 12:26:30,27.32,49.66,RUNNING
2026-04-28 12:26:31,20.75,45.5,RUNNING
2026-04-28 12:26:32,27.31,43.7,RUNNING
2026-04-28 12:26:33,25.64,50.99,RUNNING
2026-04-28 12:26:34,27.36,56.56,RUNNING
2026-04-28 12:26:35,21.26,55.26,RUNNING
2026-04-28 12:26:36,25.58,57.46,RUNNING
2026-04-28 12:26:37,27.2,57.88,RUNNING
2026-04-28 12:26:38,25.51,51.87,RUNNING
2026-04-28 12:26:39,25.39,45.23,RUNNING
2026-04-28 12:45:27,29.9,42.21,RUNNING
2026-04-28 12:45:28,21.33,49.84,RUNNING
2026-04-28 12:45:29,20.08,57.32,RUNNING
2026-04-28 12:45:30,25.2,48.24,RUNNING
2026-04-28 12:45:31,21.21,53.98,RUNNING
2026-04-28 12:45:32,24.48,41.17,RUNNING
2026-04-28 12:45:33,26.55,55.95,RUNNING
2026-04-28 12:45:34,29.85,55.26,RUNNING
2026-04-28 12:45:35,26.38,45.7,RUNNING
2026-04-28 12:45:36,21.95,55.42,RUNNING
2026-04-28 12:45:37,22.04,54.05,RUNNING
2026-04-28 12:45:38,27.08,46.88,RUNNING
2026-04-28 12:45:39,20.9,54.62,RUNNING
2026-04-28 12:45:40,26.44,44.72,RUNNING
2026-04-28 12:45:41,25.55,40.33,RUNNING
2026-04-28 12:45:42,29.27,45.66,RUNNING
2026-04-28 12:45:43,24.36,57.82,RUNNING
2026-04-28 12:45:44,28.7,59.6,RUNNING
2026-04-28 12:45:45,23.95,51.17,RUNNING
2026-04-28 12:45:46,25.5,48.39,RUNNING
2026-04-28 12:45:47,28.31,41.46,RUNNING
2026-04-28 12:45:48,29.84,56.28,RUNNING
2026-04-28 12:45:49,27.82,42.86,RUNNING
2026-04-28 12:45:50,24.92,51.39,RUNNING
2026-04-28 12:45:51,21.34,56.64,RUNNING
2026-04-28 12:45:52,28.94,42.33,RUNNING
2026-04-28 12:45:53,25.37,42.45,RUNNING
2026-04-28 12:45:54,25.79,40.06,RUNNING
2026-04-28 12:45:55,23.26,51.41,RUNNING
2026-04-28 12:45:56,23.93,45.45,RUNNING
2026-04-28 12:45:57,27.85,54.6,RUNNING
2026-04-28 12:45:58,27.55,57.78,RUNNING
2026-04-28 12:45:59,29.24,58.02,RUNNING
2026-04-28 12:46:00,26.08,48.22,RUNNING
2026-04-28 12:46:01,23.83,51.59,RUNNING
2026-04-28 12:46:02,23.47,40.81,RUNNING
2026-04-28 12:46:03,22.11,48.65,RUNNING
2026-04-28 12:46:04,27.42,40.78,RUNNING
2026-04-28 12:46:05,25.49,51.57,RUNNING
2026-04-28 12:46:06,23.16,49.98,RUNNING
2026-04-28 12:46:07,23.2,47.48,RUNNING
2026-04-28 12:46:08,25.12,47.51,RUNNING
2026-04-28 12:46:09,26.72,42.74,RUNNING
2026-04-28 12:46:10,21.25,58.89,RUNNING
2026-04-28 12:46:11,25.68,40.31,RUNNING
2026-04-28 12:46:12,23.75,56.14,RUNNING
2026-04-28 12:46:13,29.76,43.3,RUNNING
2026-04-28 12:46:14,25.94,52.96,RUNNING
2026-04-28 12:46:15,24.89,54.02,RUNNING
2026-04-28 12:46:16,29.04,58.49,RUNNING
2026-04-28 12:46:17,27.89,56.65,RUNNING
2026-04-28 12:46:18,20.53,46.33,RUNNING
2026-04-28 12:46:19,20.29,56.49,RUNNING
2026-04-28 12:46:20,21.23,40.11,RUNNING
2026-04-28 12:46:21,29.38,54.27,RUNNING
2026-04-28 12:46:22,25.12,58.01,RUNNING
2026-04-28 12:46:23,25.32,45.49,RUNNING
2026-04-28 12:46:24,22.54,45.5,RUNNING
2026-04-28 12:46:25,20.33,47.19,RUNNING
2026-04-28 12:46:26,28.94,49.42,RUNNING
2026-04-28 12:46:27,26.07,44.33,RUNNING
2026-04-28 12:46:28,28.08,40.15,RUNNING
2026-04-28 12:46:29,29.71,57.75,RUNNING
2026-04-28 12:46:30,20.6,41.65,RUNNING
2026-04-28 12:46:31,28.46,49.78,RUNNING
2026-04-28 12:46:32,22.34,57.28,RUNNING
2026-04-28 12:46:33,26.45,58.57,RUNNING
2026-04-28 12:46:34,22.44,55.54,RUNNING
2026-04-28 12:46:35,29.07,42.86,RUNNING
2026-04-28 12:46:36,28.74,40.31,RUNNING
2026-04-28 12:46:37,24.51,48.74,RUNNING
2026-04-28 12:46:38,22.54,50.99,RUNNING
2026-04-28 12:46:39,24.24,57.38,RUNNING
2026-04-28 12:46:40,20.18,46.23,RUNNING
2026-04-28 12:46:41,20.32,45.28,RUNNING
2026-04-28 12:46:42,23.71,56.77,RUNNING
2026-04-28 12:46:43,26.29,40.11,RUNNING
2026-04-28 12:46:44,29.02,52.28,RUNNING
2026-04-28 12:46:45,24.35,56.78,RUNNING
2026-04-28 12:46:46,28.91,56.19,RUNNING
2026-04-28 12:46:47,27.97,58.94,RUNNING
2026-04-28 12:46:48,22.4,54.35,RUNNING
2026-04-28 12:46:49,20.9,50.31,RUNNING
2026-04-28 12:46:50,27.83,47.47,RUNNING
2026-04-28 12:46:51,27.31,43.32,RUNNING
2026-04-28 12:46:52,20.84,42.07,RUNNING
2026-04-28 12:46:53,21.45,45.91,RUNNING
2026-04-28 12:46:54,24.83,49.76,RUNNING
2026-04-28 12:46:55,27.81,44.43,RUNNING
2026-04-28 12:46:56,27.63,49.11,RUNNING
2026-04-28 12:46:57,26.74,43.27,RUNNING
2026-04-28 12:46:58,28.32,40.83,RUNNING
2026-04-28 12:46:59,25.49,42.27,RUNNING
2026-04-28 12:47:00,24.13,48.62,RUNNING
2026-04-28 12:47:01,23.89,53.14,RUNNING
2026-04-28 12:47:02,25.82,50.87,RUNNING
2026-04-28 12:47:03,27.7,41.25,RUNNING
2026-04-28 12:47:04,23.46,40.5,RUNNING
2026-04-28 12:47:05,29.39,43.1,RUNNING
2026-04-28 12:47:06,27.34,44.11,RUNNING
2026-04-28 12:47:07,23.29,51.48,RUNNING
2026-04-28 12:47:08,21.97,45.44,RUNNING
2026-04-28 12:47:09,28.82,44.8,RUNNING
2026-04-28 12:47:10,27.57,48.78,RUNNING
2026-04-28 12:47:11,29.29,52.15,RUNNING
2026-04-28 12:47:12,22.47,54.8,RUNNING
2026-04-28 12:47:13,22.01,53.09,RUNNING
2026-04-28 12:47:14,29.95,50.6,RUNNING
2026-04-28 12:47:15,26.19,49.28,RUNNING
2026-04-28 12:47:16,20.35,46.18,RUNNING
2026-04-28 12:47:17,22.73,52.74,RUNNING
2026-04-28 12:47:18,28.04,51.77,RUNNING
2026-04-28 12:47:19,24.97,59.15,RUNNING
2026-04-28 12:47:20,26.95,56.35,RUNNING
2026-04-28 12:47:21,22.05,41.04,RUNNING
2026-04-28 12:47:22,26.53,47.62,RUNNING
2026-04-28 12:47:23,25.77,49.8,RUNNING
2026-04-28 12:47:24,29.69,56.01,RUNNING
2026-04-28 12:47:25,20.48,48.06,RUNNING
2026-04-28 12:47:26,25.97,54.19,RUNNING
2026-04-28 12:47:27,28.05,47.01,RUNNING
2026-04-28 12:47:28,27.31,57.25,RUNNING
2026-04-28 12:47:29,25.13,45.4,RUNNING
2026-04-28 12:47:30,22.01,52.0,RUNNING
2026-04-28 12:47:31,26.08,55.88,RUNNING
2026-04-28 12:47:32,29.96,52.19,RUNNING
2026-04-28 12:47:33,25.63,45.2,RUNNING
2026-04-28 12:47:34,27.71,50.42,RUNNING
2026-04-28 12:47:35,29.29,53.24,RUNNING
2026-04-28 12:47:36,25.09,58.88,RUNNING
2026-04-28 12:47:37,21.2,44.97,RUNNING
2026-04-28 12:47:38,24.43,48.01,RUNNING
2026-04-28 12:47:39,23.53,51.91,RUNNING
2026-04-28 12:47:40,25.05,48.87,RUNNING
2026-04-28 12:47:41,25.39,59.6,RUNNING
2026-04-28 12:47:42,24.01,44.62,RUNNING
2026-04-28 12:47:43,27.66,44.9,RUNNING
2026-04-28 12:47:44,21.97,41.26,RUNNING
2026-04-28 12:47:45,28.06,43.03,RUNNING
2026-04-28 12:47:46,23.61,52.58,RUNNING
2026-04-28 12:47:47,25.99,54.15,RUNNING
2026-04-28 12:47:48,24.12,40.87,RUNNING
2026-04-28 12:47:49,25.86,46.12,RUNNING
2026-04-28 12:47:50,22.24,43.67,RUNNING
2026-04-28 12:47:51,26.74,40.35,RUNNING
2026-04-28 12:47:52,26.59,59.67,RUNNING
2026-04-28 12:47:53,25.35,45.43,RUNNING
2026-04-28 12:47:54,21.39,51.1,RUNNING
2026-04-28 12:47:55,28.45,53.36,RUNNING
2026-04-28 12:47:56,26.34,53.97,RUNNING
2026-04-28 12:47:57,27.87,44.06,RUNNING
2026-04-28 12:47:58,27.77,44.1,RUNNING
2026-04-28 12:47:59,29.01,43.99,RUNNING
2026-04-28 12:48:00,25.04,54.16,RUNNING
2026-04-28 12:48:01,27.54,53.67,RUNNING
2026-04-28 12:48:02,23.81,58.78,RUNNING
2026-04-28 12:48:03,21.48,58.54,RUNNING
2026-04-28 12:48:04,25.43,59.36,RUNNING
2026-04-28 12:48:05,24.85,48.84,RUNNING
2026-04-28 12:48:06,26.25,57.22,RUNNING
2026-04-28 12:48:07,27.23,59.86,RUNNING
2026-04-28 12:48:08,25.86,48.11,RUNNING
2026-04-28 12:48:09,22.36,47.73,RUNNING
2026-04-28 12:48:10,21.14,58.08,RUNNING
2026-04-28 12:48:11,27.73,42.65,RUNNING
2026-04-28 12:48:12,28.44,55.03,RUNNING
2026-04-28 12:48:13,22.07,45.5,RUNNING
2026-04-28 12:48:14,27.05,41.06,RUNNING
2026-04-28 12:48:15,20.14,52.69,RUNNING
2026-04-28 12:48:16,29.43,48.21,RUNNING
2026-04-28 12:48:17,27.75,51.15,RUNNING
2026-04-28 12:48:18,27.05,48.76,RUNNING
2026-04-28 12:48:19,24.01,59.97,RUNNING
2026-04-28 12:48:20,23.23,43.43,RUNNING
2026-04-28 12:48:21,22.56,50.9,RUNNING
2026-04-28 12:48:22,22.03,48.24,RUNNING
2026-04-28 12:48:23,22.68,50.1,RUNNING
2026-04-28 12:48:24,27.38,44.16,RUNNING
2026-04-28 12:48:25,20.18,42.18,RUNNING
2026-04-28 12:48:26,21.8,46.05,RUNNING
2026-04-28 12:48:27,25.66,44.16,RUNNING
2026-04-28 12:48:28,22.49,45.42,RUNNING
2026-04-28 12:48:29,26.78,48.54,RUNNING
2026-04-28 12:48:30,20.41,40.64,RUNNING
2026-04-28 12:48:31,22.57,56.66,RUNNING
2026-04-28 12:48:32,28.72,50.25,RUNNING
2026-04-28 12:48:33,25.19,59.32,RUNNING
2026-04-28 12:48:34,28.5,56.3,RUNNING
2026-04-28 12:48:35,29.69,59.41,RUNNING
2026-04-28 12:48:36,28.01,56.84,RUNNING
2026-04-28 12:48:37,20.18,52.39,RUNNING
2026-04-28 12:48:38,27.52,55.23,RUNNING
2026-04-28 12:48:39,29.33,47.1,RUNNING
2026-04-28 12:48:40,28.27,58.34,RUNNING
2026-04-28 12:48:41,27.86,51.32,RUNNING
2026-04-28 12:48:42,22.57,40.95,RUNNING
2026-04-28 12:48:43,26.13,50.78,RUNNING
2026-04-28 12:48:44,20.03,56.26,RUNNING
2026-04-28 12:48:45,22.97,47.39,RUNNING
2026-04-28 12:48:46,24.79,54.81,RUNNING
2026-04-28 12:48:47,24.54,55.02,RUNNING
2026-04-28 12:48:48,24.22,47.53,RUNNING
2026-04-28 12:48:49,20.11,52.28,RUNNING
2026-04-28 12:48:51,21.76,47.85,RUNNING
2026-04-28 12:48:52,28.46,48.42,RUNNING
2026-04-28 12:48:53,28.89,58.17,RUNNING
2026-04-28 12:48:54,20.38,58.16,RUNNING
2026-04-28 12:48:55,25.21,51.56,RUNNING
2026-04-28 12:48:56,28.21,51.28,RUNNING
2026-04-28 12:48:57,22.14,46.36,RUNNING
2026-04-28 12:48:58,29.5,44.67,RUNNING
2026-04-28 12:48:59,27.41,40.37,RUNNING
2026-04-28 12:49:00,21.01,47.66,RUNNING
2026-04-28 12:49:01,24.94,44.36,RUNNING
2026-04-28 12:49:02,20.88,53.26,RUNNING
2026-04-28 12:49:07,22.74,40.63,RUNNING
2026-04-28 12:49:08,20.44,56.43,RUNNING
2026-04-28 12:49:09,29.91,59.55,RUNNING
2026-04-28 12:49:10,28.35,44.85,RUNNING
2026-04-28 12:49:11,22.36,58.49,RUNNING
2026-04-28 12:49:12,24.04,54.47,RUNNING
2026-04-28 12:49:13,22.24,44.81,RUNNING
2026-04-28 12:49:14,29.5,56.76,RUNNING
2026-04-28 12:49:15,24.95,50.78,RUNNING
2026-04-28 12:49:16,25.31,57.18,RUNNING
2026-04-28 12:49:17,29.01,54.28,RUNNING
2026-04-28 12:49:18,20.76,58.37,RUNNING
2026-04-28 12:49:19,21.52,41.91,RUNNING
2026-04-28 12:49:20,20.76,51.89,RUNNING
2026-04-28 12:51:49,22.35,56.81,RUNNING
2026-04-28 12:51:50,24.97,58.04,RUNNING
2026-04-28 12:51:51,24.98,40.62,RUNNING
2026-04-28 12:51:52,21.6,55.35,RUNNING
2026-04-28 12:51:53,23.74,45.04,RUNNING
2026-04-28 12:51:54,25.35,57.36,RUNNING
2026-04-28 12:51:55,25.92,50.84,RUNNING
2026-04-28 12:51:56,26.87,54.23,RUNNING
2026-04-28 12:51:57,27.01,50.49,RUNNING
2026-04-28 12:51:58,24.38,46.35,RUNNING
2026-04-28 12:51:59,29.88,56.61,RUNNING
2026-04-28 12:52:00,21.35,48.04,RUNNING
2026-04-28 12:52:01,22.69,46.22,RUNNING
2026-04-28 12:52:02,23.93,44.58,RUNNING
2026-04-28 12:52:03,24.49,44.83,RUNNING
2026-04-28 12:52:04,29.68,51.79,RUNNING
2026-04-28 12:52:05,25.18,57.86,RUNNING
2026-04-28 12:52:06,24.67,59.32,RUNNING
2026-04-28 12:52:07,20.69,45.8,RUNNING
2026-04-28 12:52:08,22.45,49.64,RUNNING
2026-04-28 12:52:09,27.27,49.69,RUNNING
2026-04-28 12:52:10,24.05,49.22,RUNNING
2026-04-28 12:52:11,29.86,44.62,RUNNING
2026-04-28 12:52:12,22.27,40.0,RUNNING
2026-04-28 12:52:13,20.43,49.48,RUNNING
2026-04-28 12:52:14,20.79,40.91,RUNNING
2026-04-28 12:52:15,29.02,53.51,RUNNING
2026-04-28 12:52:16,22.15,51.93,RUNNING
2026-04-28 12:52:17,20.75,47.21,RUNNING
2026-04-28 12:52:18,22.68,48.48,RUNNING
2026-04-28 12:52:19,26.08,52.03,RUNNING
2026-04-28 12:52:20,23.9,50.88,RUNNING
2026-04-28 12:52:21,22.63,54.89,RUNNING
2026-04-28 12:52:22,25.18,40.02,RUNNING
2026-04-28 12:52:23,28.22,40.99,RUNNING
2026-04-28 12:52:24,22.54,41.44,RUNNING
2026-04-28 12:52:25,22.71,56.88,RUNNING
2026-04-28 12:52:26,20.56,41.92,RUNNING
2026-04-28 12:52:27,27.23,56.77,RUNNING
2026-04-28 12:52:28,21.77,45.64,RUNNING
2026-04-28 12:52:29,28.44,48.12,RUNNING
2026-04-28 12:52:30,24.04,45.68,RUNNING
2026-04-28 12:52:31,26.91,57.43,RUNNING
2026-04-28 12:52:32,28.81,57.41,RUNNING
2026-04-28 12:52:33,22.92,47.8,RUNNING
2026-04-28 12:52:34,28.72,55.79,RUNNING
2026-04-28 12:52:35,25.49,47.43,RUNNING
2026-04-28 13:06:21,24.06,47.02,25.0,0,RUNNING
2026-04-28 13:06:22,21.76,56.52,25.0,0,RUNNING
2026-04-28 13:06:23,20.92,56.16,25.0,0,RUNNING
2026-04-28 13:06:24,23.57,53.08,25.0,0,RUNNING
2026-04-28 13:06:25,22.55,40.6,25.0,0,RUNNING
2026-04-28 13:06:26,22.11,54.72,25.0,0,RUNNING
2026-04-28 13:06:27,24.69,46.5,25.0,0,RUNNING
2026-04-28 13:06:28,29.21,48.21,25.0,1,RUNNING
2026-04-28 13:06:29,28.01,49.47,25.0,1,RUNNING
2026-04-28 13:06:30,22.55,53.77,25.0,0,RUNNING
2026-04-28 13:06:31,23.79,54.3,25.0,0,RUNNING
2026-04-28 13:06:32,20.88,47.66,25.0,0,RUNNING
2026-04-28 13:06:33,25.17,42.3,25.0,0,RUNNING
2026-04-28 13:06:34,27.68,55.85,25.0,1,RUNNING
2026-04-28 13:06:35,23.75,58.84,25.0,0,RUNNING
2026-04-28 13:06:36,26.47,49.15,25.0,1,RUNNING
2026-04-28 13:06:37,21.33,48.77,25.0,0,RUNNING
2026-04-28 13:06:38,29.2,59.37,25.0,1,RUNNING
2026-04-28 13:06:39,29.94,56.9,25.0,1,RUNNING
2026-04-28 13:06:40,25.0,47.28,25.0,1,RUNNING
2026-04-28 13:06:41,28.93,52.7,25.0,1,RUNNING
2026-04-28 13:06:42,23.29,43.75,35.0,0,RUNNING
2026-04-28 13:06:43,26.36,49.73,35.0,0,RUNNING
2026-04-28 13:06:44,25.35,54.96,35.0,0,RUNNING
2026-04-28 13:06:45,28.94,59.82,35.0,0,RUNNING
2026-04-28 13:06:46,22.78,41.35,35.0,0,RUNNING
2026-04-28 13:06:47,24.61,49.66,35.0,0,RUNNING
2026-04-28 13:06:48,28.16,41.48,35.0,0,RUNNING
2026-04-28 13:06:49,22.38,54.17,35.0,0,RUNNING
2026-04-28 13:06:50,27.07,52.63,35.0,0,RUNNING
2026-04-28 13:06:51,27.25,46.61,35.0,0,RUNNING
2026-04-28 13:06:52,29.04,50.78,35.0,0,RUNNING
2026-04-28 13:06:53,21.73,55.13,35.0,0,RUNNING
2026-04-28 13:06:54,26.35,48.14,35.0,0,RUNNING
2026-04-28 13:06:55,28.51,59.62,20.0,1,RUNNING
2026-04-28 13:06:56,28.48,57.22,20.0,1,RUNNING
2026-04-28 13:06:57,24.6,47.34,20.0,1,RUNNING
2026-04-28 13:06:58,28.07,55.64,20.0,1,RUNNING
2026-04-28 13:06:59,21.91,43.3,20.0,1,RUNNING
2026-04-28 13:07:00,26.02,43.85,20.0,1,RUNNING
2026-04-28 13:07:01,24.32,47.52,20.0,1,RUNNING
2026-04-28 13:07:02,21.41,46.56,20.0,1,RUNNING
2026-04-28 13:07:03,27.5,40.38,20.0,1,RUNNING
2026-04-28 13:07:04,26.45,52.06,20.0,1,RUNNING
2026-04-28 13:07:05,26.23,43.59,20.0,1,RUNNING
2026-04-28 13:07:06,29.15,52.46,20.0,1,RUNNING
2026-04-28 13:07:07,22.89,42.62,20.0,1,RUNNING
2026-04-28 13:07:08,21.73,57.1,20.0,1,RUNNING
2026-04-28 13:07:09,21.09,48.43,20.0,1,RUNNING
2026-04-28 13:07:10,21.41,45.94,20.0,1,RUNNING
2026-04-28 13:07:11,23.94,44.96,20.0,1,RUNNING
2026-04-28 13:07:12,24.25,41.1,20.0,1,RUNNING
2026-04-28 13:07:13,28.93,44.51,20.0,1,RUNNING
2026-04-28 13:07:14,20.78,50.82,20.0,1,RUNNING
2026-04-28 13:07:15,22.58,42.28,20.0,1,RUNNING
2026-04-28 13:07:16,21.45,53.77,20.0,1,RUNNING
2026-04-28 13:07:17,20.3,56.4,20.0,1,RUNNING
2026-04-28 13:07:18,29.26,58.42,20.0,1,RUNNING
2026-04-28 13:07:19,24.71,57.21,20.0,1,RUNNING
2026-04-28 13:07:20,27.68,41.65,20.0,1,RUNNING
2026-04-28 13:07:21,22.9,46.06,20.0,1,RUNNING
2026-04-28 13:07:22,29.16,50.68,20.0,1,RUNNING
2026-04-28 13:07:23,22.62,59.74,20.0,1,RUNNING
2026-04-28 13:07:24,27.87,54.65,20.0,1,RUNNING
2026-04-28 13:07:25,26.78,55.38,20.0,1,RUNNING
2026-04-28 13:07:26,25.13,42.56,20.0,1,RUNNING
2026-04-28 13:07:27,26.77,50.86,20.0,1,RUNNING
2026-05-24 13:23:54,29.2,44.78,25.0,1,RUNNING
2026-05-24 13:25:31,28.7,53.49,25.0,1,RUNNING
2026-06-03 21:21:22,29.68,54.02,25.0,1,0,821,RUNNING
2026-06-03 21:21:23,25.39,48.65,25.0,1,1,3138,RUNNING
2026-06-03 21:21:24,27.95,56.66,25.0,1,0,1705,RUNNING
2026-06-03 21:21:25,28.3,44.11,25.0,1,1,3482,RUNNING
2026-06-03 21:21:26,24.38,57.03,25.0,0,1,2412,RUNNING
2026-06-03 21:21:27,20.76,47.63,25.0,0,0,1784,RUNNING
2026-06-03 21:21:28,27.0,56.28,25.0,1,0,2000,RUNNING
2026-06-03 21:21:29,27.91,46.86,25.0,1,0,797,RUNNING
2026-06-03 21:21:30,23.12,50.28,25.0,0,0,1577,RUNNING
2026-06-03 21:21:31,21.32,43.04,25.0,0,1,2544,RUNNING
2026-06-03 21:21:32,20.43,42.59,25.0,0,0,1851,RUNNING
2026-06-03 21:21:33,28.75,52.01,25.0,1,0,1955,RUNNING
2026-06-03 21:21:34,28.92,48.49,25.0,1,0,1433,RUNNING
2026-06-03 21:21:35,21.43,47.3,25.0,0,0,766,RUNNING
2026-06-03 21:21:36,20.51,54.61,25.0,0,1,3313,RUNNING
2026-06-03 21:21:37,20.24,59.73,25.0,0,0,1735,RUNNING
2026-06-03 21:21:38,24.5,57.56,25.0,0,0,1533,RUNNING
2026-06-03 21:21:39,20.72,53.17,25.0,0,1,3240,RUNNING
2026-06-03 21:21:40,27.46,53.16,25.0,1,0,514,RUNNING
2026-06-03 21:21:41,22.13,59.89,25.0,0,1,2324,RUNNING
2026-06-03 21:21:42,28.79,52.44,25.0,1,1,3130,RUNNING
2026-06-03 21:21:43,20.12,41.32,25.0,0,1,2933,RUNNING
2026-06-03 21:21:44,28.55,54.9,25.0,1,1,3046,RUNNING
2026-06-03 21:21:45,20.5,56.71,25.0,0,0,1192,RUNNING
2026-06-03 21:21:46,28.66,53.95,25.0,1,0,1938,RUNNING
2026-06-03 21:21:47,27.0,53.28,25.0,1,1,3149,RUNNING
2026-06-03 21:21:48,21.64,41.73,25.0,0,0,554,RUNNING
2026-06-03 21:21:49,27.79,50.49,25.0,1,0,520,RUNNING
2026-06-03 21:21:50,26.52,55.92,25.0,1,0,1824,RUNNING
2026-06-03 21:21:51,29.13,41.65,25.0,1,0,1731,RUNNING
2026-06-03 21:21:52,24.78,49.79,25.0,1,1,2871,RUNNING
2026-06-03 21:21:53,25.08,51.05,25.0,1,0,2149,RUNNING
2026-06-03 21:21:54,29.35,47.91,25.0,1,1,2241,RUNNING
2026-06-03 21:21:55,21.72,42.08,25.0,0,1,3002,RUNNING
2026-06-03 21:21:56,22.36,56.53,25.0,0,1,2351,RUNNING
2026-06-03 21:21:57,21.1,47.66,25.0,0,1,2420,RUNNING
2026-06-03 21:21:58,29.45,59.71,25.0,1,1,2373,RUNNING
2026-06-03 21:21:59,21.92,47.66,25.0,0,0,835,RUNNING
2026-06-03 21:22:00,21.64,56.7,25.0,0,0,1912,RUNNING
2026-06-03 21:22:01,21.79,48.31,25.0,0,0,1520,RUNNING
2026-06-03 21:22:02,28.76,40.99,25.0,1,1,2911,RUNNING
2026-06-03 21:22:03,28.43,54.57,25.0,1,1,2407,RUNNING
2026-06-03 21:22:04,22.35,45.09,25.0,0,0,866,RUNNING
2026-06-03 21:22:05,28.94,43.97,25.0,1,1,2869,RUNNING
2026-06-03 21:22:06,27.63,48.53,25.0,1,0,1249,RUNNING
2026-06-03 21:22:07,27.24,53.69,25.0,1,0,1801,RUNNING
2026-06-03 21:22:08,24.57,59.65,25.0,1,1,3459,RUNNING
2026-06-03 21:22:09,29.61,54.37,25.0,1,0,848,RUNNING
2026-06-03 21:22:10,24.51,55.67,25.0,1,0,974,RUNNING
2026-06-03 21:22:11,29.17,45.8,25.0,1,1,3451,RUNNING
2026-06-03 21:22:12,28.58,48.07,25.0,1,0,620,RUNNING
2026-06-03 21:22:13,27.33,54.22,25.0,1,0,659,RUNNING
2026-06-03 21:22:14,20.53,44.58,25.0,0,1,3207,RUNNING
2026-06-03 21:22:15,20.51,41.41,25.0,0,1,3051,RUNNING
2026-06-03 21:22:16,29.99,49.64,25.0,1,1,2684,RUNNING
2026-06-03 21:22:17,24.87,52.4,25.0,1,0,936,RUNNING
2026-06-03 21:22:18,22.65,41.1,25.0,0,1,3239,RUNNING
2026-06-03 21:22:19,28.31,56.44,25.0,1,1,3242,RUNNING
2026-06-03 21:22:20,27.87,56.77,25.0,1,0,899,RUNNING
2026-06-03 21:22:21,27.93,44.1,25.0,1,1,3027,RUNNING
2026-06-03 21:22:22,20.37,53.16,25.0,0,1,3368,RUNNING
2026-06-03 21:22:23,23.3,40.71,25.0,0,1,2516,RUNNING
2026-06-03 21:22:24,26.17,58.07,25.0,1,0,2155,RUNNING
2026-06-03 21:22:25,22.32,52.06,25.0,0,0,1037,RUNNING
2026-06-03 21:22:26,26.19,57.65,25.0,1,1,2445,RUNNING
2026-06-03 21:22:27,27.06,41.06,25.0,1,0,1557,RUNNING
2026-06-03 21:22:28,26.95,40.19,25.0,1,1,2506,RUNNING
2026-06-03 21:22:29,26.56,53.83,25.0,1,1,2552,RUNNING
2026-06-03 21:22:30,24.66,40.57,25.0,1,1,3157,RUNNING
2026-06-03 21:22:31,25.38,56.25,25.0,1,0,2020,RUNNING
2026-06-03 21:22:32,24.14,50.11,25.0,0,1,2586,RUNNING
2026-06-03 21:22:33,29.16,53.3,25.0,1,0,1143,RUNNING
2026-06-03 21:22:34,29.89,49.67,25.0,1,0,979,RUNNING
2026-06-03 21:22:35,23.61,51.85,25.0,0,0,1222,RUNNING
2026-06-03 21:22:36,21.69,40.07,25.0,0,1,2318,RUNNING
2026-06-03 21:22:37,20.96,57.19,25.0,0,0,503,RUNNING
2026-06-03 21:22:38,28.48,40.35,25.0,1,1,2464,RUNNING
2026-06-03 21:22:39,28.54,57.24,25.0,1,0,2089,RUNNING
2026-06-03 21:22:40,28.11,59.75,25.0,1,1,3075,RUNNING
2026-06-03 21:22:41,21.05,55.67,25.0,0,1,3056,RUNNING
2026-06-03 21:22:42,20.97,47.84,25.0,0,0,1985,RUNNING
2026-06-03 21:22:43,20.42,40.45,25.0,0,1,2318,RUNNING
2026-06-03 21:22:44,23.86,54.91,25.0,0,0,2085,RUNNING
2026-06-03 21:22:45,24.17,46.03,25.0,0,0,1734,RUNNING
2026-06-03 21:22:46,25.52,56.8,25.0,1,0,975,RUNNING
2026-06-03 21:22:47,26.99,51.67,25.0,1,0,1309,RUNNING
2026-06-03 21:22:48,27.97,58.97,25.0,1,1,2500,RUNNING
2026-06-03 21:22:49,24.12,42.61,25.0,0,1,2339,RUNNING
2026-06-03 21:22:50,22.51,47.6,25.0,0,1,2773,RUNNING
2026-06-03 21:22:51,21.93,48.29,25.0,0,1,2398,RUNNING
2026-06-03 21:22:52,22.18,50.17,25.0,0,0,1106,RUNNING
2026-06-03 21:22:53,22.19,41.51,25.0,0,0,661,RUNNING
2026-06-03 21:22:54,22.92,55.64,25.0,0,1,3403,RUNNING
2026-06-03 21:22:55,25.09,41.06,25.0,0,0,1535,RUNNING
2026-06-03 21:22:56,25.7,44.0,25.0,1,1,3277,RUNNING
2026-06-03 21:22:57,24.86,46.49,25.0,1,0,2153,RUNNING
2026-06-03 21:22:58,27.51,59.89,25.0,1,0,2176,RUNNING
2026-06-03 21:22:59,20.41,46.25,25.0,0,1,2284,RUNNING
2026-06-03 21:23:00,29.72,51.57,25.0,1,0,1648,RUNNING
2026-06-03 21:23:01,29.73,40.03,25.0,1,0,2038,RUNNING
2026-06-03 21:23:02,26.08,58.56,25.0,1,1,3422,RUNNING
2026-06-03 21:23:03,24.43,57.36,25.0,0,0,2070,RUNNING
2026-06-03 21:23:04,28.74,42.37,25.0,1,1,2396,RUNNING
2026-06-03 21:23:05,25.26,50.04,25.0,1,1,3479,RUNNING
2026-06-03 21:23:06,23.34,57.32,25.0,0,0,1734,RUNNING
2026-06-03 21:23:07,28.84,53.67,25.0,1,1,2872,RUNNING
2026-06-03 21:23:08,29.95,50.6,25.0,1,0,749,RUNNING
2026-06-03 21:23:09,20.0,43.91,25.0,0,0,1439,RUNNING
2026-06-03 21:23:10,26.97,41.86,25.0,1,0,1079,RUNNING
2026-06-03 21:23:11,29.38,45.19,25.0,1,0,2124,RUNNING
2026-06-03 21:23:12,25.92,42.25,25.0,1,1,3434,RUNNING
2026-06-03 21:23:13,22.54,46.42,25.0,0,0,1060,RUNNING
2026-06-03 21:23:14,26.97,53.58,25.0,1,0,1670,RUNNING
2026-06-03 21:23:15,20.77,45.39,25.0,0,0,757,RUNNING
2026-06-03 21:23:16,29.22,45.78,25.0,1,1,3251,RUNNING
2026-06-03 21:23:17,28.76,44.98,25.0,1,1,3341,RUNNING
2026-06-03 21:23:18,26.78,58.91,25.0,1,1,2653,RUNNING
2026-06-03 21:23:19,23.67,59.12,25.0,0,1,3267,RUNNING
2026-06-03 21:23:20,25.94,41.55,25.0,1,1,3409,RUNNING
2026-06-03 21:23:21,28.02,49.67,25.0,1,1,2321,RUNNING
2026-06-03 21:23:22,20.47,48.89,25.0,0,1,3483,RUNNING
2026-06-03 21:23:23,21.11,59.45,25.0,0,1,2309,RUNNING
2026-06-03 21:23:24,25.26,57.95,25.0,0,0,1518,RUNNING
2026-06-03 21:23:25,20.07,45.27,25.0,0,1,3194,RUNNING
2026-06-03 21:23:26,26.59,57.75,25.0,1,1,3351,RUNNING
2026-06-03 21:23:27,26.12,46.64,25.0,1,0,1580,RUNNING
2026-06-03 21:23:28,20.92,59.61,25.0,0,0,1161,RUNNING
2026-06-03 21:23:29,21.14,45.21,25.0,0,1,2276,RUNNING
2026-06-03 21:23:30,24.35,54.81,25.0,0,1,2901,RUNNING
2026-06-03 21:23:31,26.62,54.68,25.0,1,0,2121,RUNNING
2026-06-03 21:23:32,26.02,47.98,25.0,1,0,716,RUNNING
2026-06-03 21:23:33,22.36,49.82,25.0,0,1,3156,RUNNING
2026-06-03 21:23:34,24.13,42.36,25.0,0,0,706,RUNNING
2026-06-03 21:23:35,26.64,41.32,25.0,1,1,2777,RUNNING
2026-06-03 21:23:36,28.84,53.17,25.0,1,1,2873,RUNNING
2026-06-03 21:23:37,26.47,51.79,25.0,1,1,2624,RUNNING
2026-06-03 21:23:38,28.89,52.07,25.0,1,0,919,RUNNING
2026-06-03 21:23:39,29.59,50.95,25.0,1,0,710,RUNNING
2026-06-03 21:23:40,21.63,48.09,25.0,0,0,2163,RUNNING
2026-06-03 21:23:41,21.71,57.51,25.0,0,1,2966,RUNNING
2026-06-03 21:23:42,26.75,54.7,25.0,1,0,838,RUNNING
2026-06-03 21:23:43,28.62,52.62,25.0,1,1,3372,RUNNING
2026-06-03 21:23:44,22.85,51.52,25.0,0,0,1265,RUNNING
2026-06-03 21:23:45,29.09,56.85,25.0,1,0,2046,RUNNING
2026-06-03 21:23:46,21.24,59.62,25.0,0,0,1859,RUNNING
2026-06-03 21:23:47,23.37,44.18,25.0,0,1,2863,RUNNING
2026-06-03 21:23:48,24.15,41.77,25.0,0,1,3363,RUNNING
2026-06-03 21:23:49,23.5,58.16,25.0,0,1,3254,RUNNING
2026-06-03 21:23:50,26.25,43.07,25.0,1,0,1196,RUNNING
2026-06-03 21:23:51,22.26,59.0,25.0,0,0,1182,RUNNING
2026-06-03 21:23:52,22.47,42.69,25.0,0,0,576,RUNNING
2026-06-03 21:23:53,23.93,40.97,25.0,0,1,3468,RUNNING
2026-06-03 21:23:54,20.49,59.56,25.0,0,0,1253,RUNNING
2026-06-03 21:23:55,24.65,50.97,25.0,0,0,1619,RUNNING
2026-06-03 21:23:56,28.85,46.36,25.0,1,1,3022,RUNNING
2026-06-03 21:23:57,23.63,42.92,25.0,0,1,2748,RUNNING
2026-06-03 21:23:58,28.38,58.56,25.0,1,0,1551,RUNNING
2026-06-03 21:23:59,27.78,59.48,25.0,1,1,2728,RUNNING
2026-06-03 22:02:05,29.9,33.0,25.0,1,0,33,RUNNING
2026-06-03 22:02:06,29.9,33.0,25.0,1,0,16,RUNNING
2026-06-03 22:02:07,29.0,33.0,25.0,1,0,32,RUNNING
2026-06-03 22:02:08,29.0,33.0,25.0,1,0,26,RUNNING
2026-06-03 22:02:09,29.4,33.0,25.0,1,0,17,RUNNING
2026-06-03 22:02:10,29.4,33.0,25.0,1,0,13,RUNNING
2026-06-03 22:02:11,29.9,33.0,25.0,1,0,26,RUNNING
2026-06-03 22:02:12,29.9,33.0,25.0,1,0,33,RUNNING
2026-06-03 22:02:55,29.2,33.0,25.0,1,0,35,RUNNING
2026-06-03 22:02:56,29.2,33.0,25.0,1,0,19,RUNNING
2026-06-03 22:02:57,29.1,33.0,25.0,1,0,22,RUNNING
2026-06-03 22:02:58,29.1,33.0,25.0,1,0,14,RUNNING
2026-06-03 22:02:59,29.7,33.0,25.0,1,0,28,RUNNING
2026-06-03 22:03:00,29.7,33.0,25.0,1,0,30,RUNNING
2026-06-03 22:03:01,29.9,33.0,25.0,1,0,25,RUNNING
2026-06-03 22:03:02,29.9,33.0,25.0,1,0,20,RUNNING
2026-06-03 22:03:03,29.1,33.0,25.0,1,0,32,RUNNING
2026-06-03 22:03:04,29.1,33.0,25.0,1,1,2667,RUNNING
2026-06-03 22:03:05,29.6,33.0,25.0,1,1,2635,RUNNING
2026-06-03 22:03:06,29.6,33.0,25.0,1,1,2582,RUNNING
2026-06-03 22:03:07,29.5,33.0,25.0,1,1,2553,RUNNING
2026-06-03 22:03:08,29.5,33.0,25.0,1,1,2486,RUNNING
2026-06-03 22:03:09,29.4,33.0,25.0,1,1,2512,RUNNING
2026-06-03 22:03:10,29.4,33.0,25.0,1,1,2542,RUNNING
2026-06-03 22:03:11,29.5,33.0,25.0,1,1,2502,RUNNING
2026-06-03 22:03:12,29.5,33.0,25.0,1,1,2539,RUNNING
2026-06-03 22:03:13,29.0,33.0,25.0,1,0,32,RUNNING
2026-06-03 22:03:14,29.0,33.0,25.0,1,0,34,RUNNING
2026-06-03 22:03:15,29.7,33.0,25.0,1,0,19,RUNNING
2026-06-03 22:03:16,29.7,33.0,25.0,1,0,12,RUNNING
2026-06-03 22:03:17,29.7,33.0,25.0,1,0,19,RUNNING
2026-06-03 22:03:18,29.7,33.0,25.0,1,0,19,RUNNING
2026-06-03 22:03:19,29.6,33.0,25.0,1,0,23,RUNNING
2026-06-03 22:03:20,29.6,33.0,25.0,1,0,16,RUNNING
2026-06-03 22:03:21,29.1,33.0,25.0,1,0,23,RUNNING
2026-06-03 22:03:22,29.1,33.0,25.0,1,0,26,RUNNING
2026-06-03 22:03:23,29.6,33.0,25.0,1,0,22,RUNNING
2026-06-03 22:03:24,29.6,33.0,25.0,1,0,32,RUNNING
2026-06-03 22:03:25,29.9,33.0,25.0,1,0,17,RUNNING
2026-06-03 22:03:26,29.9,33.0,25.0,1,0,13,RUNNING
2026-06-03 22:03:27,29.9,33.0,25.0,1,0,19,RUNNING
2026-06-03 22:03:28,29.9,33.0,25.0,1,0,17,RUNNING
2026-06-03 22:03:29,29.3,33.0,25.0,1,0,26,RUNNING
2026-06-03 22:03:30,29.3,33.0,25.0,1,0,33,RUNNING
2026-06-03 22:03:31,29.8,33.0,25.0,1,0,25,RUNNING
2026-06-03 22:03:32,29.8,33.0,25.0,1,0,22,RUNNING
2026-06-03 22:03:33,29.8,33.0,25.0,1,0,22,RUNNING
2026-06-03 22:03:34,29.8,33.0,25.0,1,0,33,RUNNING
2026-06-03 22:03:35,29.4,33.0,25.0,1,0,22,RUNNING
2026-06-03 22:03:36,29.4,33.0,25.0,1,0,27,RUNNING
2026-06-03 22:03:37,29.1,33.0,25.0,1,0,27,RUNNING
2026-06-03 22:03:38,29.1,33.0,25.0,1,0,17,RUNNING
2026-06-03 22:03:39,29.2,33.0,25.0,1,0,20,RUNNING
2026-06-03 22:03:40,29.2,33.0,25.0,1,0,18,RUNNING
2026-06-03 22:03:41,29.6,33.0,25.0,1,0,26,RUNNING
2026-06-03 22:03:42,29.6,33.0,25.0,1,0,25,RUNNING
2026-06-03 22:03:43,29.9,33.0,25.0,1,0,22,RUNNING
2026-06-03 22:03:44,29.9,33.0,25.0,1,0,17,RUNNING
2026-06-03 22:03:45,29.8,33.0,25.0,1,0,35,RUNNING
2026-06-03 22:03:46,29.8,33.0,25.0,1,0,30,RUNNING
2026-06-03 22:03:47,29.2,33.0,25.0,1,0,18,RUNNING
2026-06-03 22:03:48,29.2,33.0,25.0,1,0,20,RUNNING
2026-06-03 22:03:49,29.6,33.0,25.0,1,0,22,RUNNING
2026-06-03 22:03:50,29.6,33.0,25.0,1,0,16,RUNNING
2026-06-03 22:03:51,29.9,33.0,25.0,1,0,27,RUNNING
2026-06-03 22:03:52,29.9,33.0,25.0,1,0,14,RUNNING
2026-06-03 22:03:53,29.9,33.0,25.0,1,0,29,RUNNING
2026-06-03 22:03:54,29.9,33.0,25.0,1,0,27,RUNNING
2026-06-03 22:03:55,29.0,33.0,25.0,1,0,17,RUNNING
2026-06-03 22:03:56,29.0,33.0,25.0,1,0,23,RUNNING
2026-06-03 22:03:57,29.1,33.0,25.0,1,0,16,RUNNING
2026-06-03 22:03:58,29.1,33.0,25.0,1,0,22,RUNNING
2026-06-03 22:03:59,29.5,33.0,25.0,1,0,19,RUNNING
2026-06-03 22:04:00,29.5,33.0,25.0,1,0,19,RUNNING
2026-06-03 22:04:01,29.3,33.0,25.0,1,0,31,RUNNING
2026-06-03 22:04:02,29.3,33.0,25.0,1,0,16,RUNNING
2026-06-03 22:04:03,29.4,33.0,25.0,1,0,26,RUNNING
2026-06-03 22:04:04,29.4,33.0,25.0,1,0,22,RUNNING
2026-06-03 22:04:05,29.7,33.0,25.0,1,0,27,RUNNING
2026-06-03 22:04:06,29.7,33.0,25.0,1,0,34,RUNNING
2026-06-03 22:04:07,29.7,33.0,25.0,1,0,23,RUNNING
2026-06-03 22:04:08,29.7,33.0,25.0,1,0,27,RUNNING
2026-06-03 22:04:09,29.8,33.0,25.0,1,0,10,RUNNING
2026-06-03 22:04:10,29.8,33.0,25.0,1,0,12,RUNNING
2026-06-03 22:04:11,29.0,33.0,25.0,1,0,22,RUNNING
2026-06-03 22:04:12,29.0,33.0,25.0,1,0,22,RUNNING
2026-06-03 22:04:13,29.8,33.0,25.0,1,0,23,RUNNING
2026-06-03 22:04:14,29.8,33.0,25.0,1,0,16,RUNNING
2026-06-03 22:04:15,29.4,33.0,25.0,1,0,13,RUNNING
2026-06-03 22:04:16,29.4,33.0,25.0,1,0,13,RUNNING
2026-06-03 22:04:17,29.7,33.0,25.0,1,0,22,RUNNING
2026-06-03 22:04:18,29.7,33.0,25.0,1,0,18,RUNNING
2026-06-03 22:04:19,29.9,33.0,25.0,1,0,20,RUNNING
2026-06-03 22:04:20,29.9,33.0,25.0,1,0,9,RUNNING
2026-06-03 22:04:21,29.2,33.0,25.0,1,0,16,RUNNING
2026-06-03 22:04:22,29.2,33.0,25.0,1,0,29,RUNNING
2026-06-03 22:04:23,29.0,33.0,25.0,1,0,30,RUNNING
2026-06-03 22:04:24,29.0,33.0,25.0,1,0,33,RUNNING
2026-06-03 22:04:25,29.6,33.0,25.0,1,0,23,RUNNING
2026-06-03 22:04:26,29.6,33.0,25.0,1,0,29,RUNNING
2026-06-03 22:04:27,29.2,33.0,25.0,1,0,17,RUNNING
2026-06-03 22:04:28,29.2,33.0,25.0,1,0,17,RUNNING
2026-06-03 22:04:29,29.6,33.0,25.0,1,0,16,RUNNING
2026-06-03 22:04:30,29.6,33.0,25.0,1,0,13,RUNNING
2026-06-03 22:04:31,29.6,33.0,25.0,1,0,16,RUNNING
2026-06-03 22:04:32,29.6,33.0,25.0,1,0,32,RUNNING
2026-06-03 22:04:33,29.2,33.0,25.0,1,0,42,RUNNING
2026-06-03 22:04:34,29.2,33.0,25.0,1,0,19,RUNNING
2026-06-03 22:04:35,29.0,33.0,25.0,1,0,14,RUNNING
2026-06-03 22:04:36,29.0,33.0,25.0,1,0,6,RUNNING
2026-06-03 22:04:37,29.3,33.0,25.0,1,0,22,RUNNING
2026-06-03 22:04:38,29.3,33.0,25.0,1,0,64,RUNNING
2026-06-03 22:04:39,29.3,33.0,25.0,1,0,26,RUNNING
2026-06-03 22:04:40,29.3,33.0,25.0,1,0,24,RUNNING
2026-06-03 22:04:41,29.6,33.0,25.0,1,0,23,RUNNING
2026-06-03 22:04:42,29.6,33.0,25.0,1,0,26,RUNNING
2026-06-03 22:04:43,29.8,33.0,25.0,1,0,31,RUNNING
2026-06-03 22:04:44,29.8,33.0,25.0,1,0,71,RUNNING
2026-06-03 22:04:45,29.1,33.0,25.0,1,0,37,RUNNING
2026-06-03 22:04:46,29.1,33.0,25.0,1,0,32,RUNNING
2026-06-03 22:04:47,29.6,33.0,25.0,1,0,32,RUNNING
2026-06-03 22:04:48,29.6,33.0,25.0,1,0,16,RUNNING
2026-06-03 22:04:49,29.5,33.0,25.0,1,0,17,RUNNING
2026-06-03 22:04:50,29.5,33.0,25.0,1,0,17,RUNNING
2026-06-03 22:04:51,29.3,33.0,25.0,1,0,18,RUNNING
2026-06-03 22:04:52,29.3,33.0,25.0,1,0,16,RUNNING
2026-06-03 22:04:53,29.6,33.0,25.0,1,0,20,RUNNING
2026-06-03 22:04:54,29.6,33.0,25.0,1,0,16,RUNNING
2026-06-03 22:04:55,29.7,33.0,25.0,1,0,26,RUNNING
2026-06-03 22:04:56,29.7,33.0,25.0,1,0,18,RUNNING
2026-06-03 22:04:57,29.9,33.0,25.0,1,0,19,RUNNING
